Store,Address,City,State,Zip,Type
S0086,6825 Camino Arroyo,Gilroy,CA,95020,New
S0087,5353 Almaden Expy,San Jose,CA,95118,New
S0088,2200 Eastridge Loop,San Jose,CA,95122,New
S0089,3600 Stevens Creek Blvd,San Jose,CA,95117,New
S0090,11 W Hillsdale Blvd,San Mateo,CA,94403,New
S0091,3150 Naglee Rd,Tracy,CA,95304,New
S0092,6699 Fairmount Ave,El Cerrito,CA,94530,New
S0093,5709 Lone Tree Way,Antioch,CA,94531,New
S0094,1149 S Main St,Walnut Creek,CA,94596,New
S0095,552 Contra Costa Blvd,Pleasant Hill,CA,94523,New
